<code_scheme name="AndroidStyle" version="173">
  <option name="RIGHT_MARGIN" value="120" />
  <JavaCodeStyleSettings>
    <option name="FIELD_NAME_PREFIX" value="m" />
    <option name="STATIC_FIELD_NAME_PREFIX" value="s" />
    <option name="CLASS_COUNT_TO_USE_IMPORT_ON_DEMAND" value="9999" />
    <option name="NAMES_COUNT_TO_USE_IMPORT_ON_DEMAND" value="9999" />
    <option name="PACKAGES_TO_USE_IMPORT_ON_DEMAND">
      <value>
        <package name="java.awt" withSubpackages="false" static="false" />
        <package name="javax.swing" withSubpackages="false" static="false" />
      </value>
    </option>
    <option name="IMPORT_LAYOUT_TABLE">
      <value>
        <package name="android" withSubpackages="true" static="true" />
        <emptyLine />
        <package name="androidx" withSubpackages="true" static="true" />
        <emptyLine />
        <package name="com.android" withSubpackages="true" static="true" />
        <emptyLine />
        <package name="dalvik" withSubpackages="true" static="true" />
        <emptyLine />
        <package name="libcore" withSubpackages="true" static="true" />
        <emptyLine />
        <package name="com" withSubpackages="true" static="true" />
        <emptyLine />
        <package name="gov" withSubpackages="true" static="true" />
        <emptyLine />
        <package name="junit" withSubpackages="true" static="true" />
        <emptyLine />
        <package name="net" withSubpackages="true" static="true" />
        <emptyLine />
        <package name="org" withSubpackages="true" static="true" />
        <emptyLine />
        <package name="java" withSubpackages="true" static="true" />
        <emptyLine />
        <package name="javax" withSubpackages="true" static="true" />
        <emptyLine />
        <package name="" withSubpackages="true" static="true" />
        <emptyLine />
        <package name="android" withSubpackages="true" static="false" />
        <emptyLine />
        <package name="androidx" withSubpackages="true" static="false" />
        <emptyLine />
        <package name="com.android" withSubpackages="true" static="false" />
        <emptyLine />
        <package name="dalvik" withSubpackages="true" static="false" />
        <emptyLine />
        <package name="libcore" withSubpackages="true" static="false" />
        <emptyLine />
        <package name="com" withSubpackages="true" static="false" />
        <emptyLine />
        <package name="gov" withSubpackages="true" static="false" />
        <emptyLine />
        <package name="junit" withSubpackages="true" static="false" />
        <emptyLine />
        <package name="net" withSubpackages="true" static="false" />
        <emptyLine />
        <package name="org" withSubpackages="true" static="false" />
        <emptyLine />
        <package name="java" withSubpackages="true" static="false" />
        <emptyLine />
        <package name="javax" withSubpackages="true" static="false" />
        <emptyLine />
        <package name="" withSubpackages="true" static="false" />
      </value>
    </option>
  </JavaCodeStyleSettings>
  <XML>
    <option name="XML_LEGACY_SETTINGS_IMPORTED" value="true" />
  </XML>
  <ADDITIONAL_INDENT_OPTIONS fileType="java">
    <option name="TAB_SIZE" value="8" />
  </ADDITIONAL_INDENT_OPTIONS>
  <ADDITIONAL_INDENT_OPTIONS fileType="js">
    <option name="CONTINUATION_INDENT_SIZE" value="4" />
  </ADDITIONAL_INDENT_OPTIONS>
  <codeStyleSettings language="JAVA">
    <option name="ALIGN_MULTILINE_PARAMETERS" value="false" />
    <option name="ALIGN_MULTILINE_FOR" value="false" />
    <option name="CALL_PARAMETERS_WRAP" value="1" />
    <option name="PREFER_PARAMETERS_WRAP" value="true" />
    <option name="METHOD_PARAMETERS_WRAP" value="1" />
    <option name="RESOURCE_LIST_WRAP" value="1" />
    <option name="EXTENDS_LIST_WRAP" value="1" />
    <option name="THROWS_LIST_WRAP" value="1" />
    <option name="THROWS_KEYWORD_WRAP" value="1" />
    <option name="BINARY_OPERATION_WRAP" value="1" />
    <option name="BINARY_OPERATION_SIGN_ON_NEXT_LINE" value="true" />
    <option name="TERNARY_OPERATION_WRAP" value="1" />
    <option name="TERNARY_OPERATION_SIGNS_ON_NEXT_LINE" value="true" />
    <option name="FOR_STATEMENT_WRAP" value="1" />
    <option name="ARRAY_INITIALIZER_WRAP" value="1" />
    <option name="ASSIGNMENT_WRAP" value="1" />
    <option name="WRAP_COMMENTS" value="true" />
    <option name="IF_BRACE_FORCE" value="1" />
    <option name="DOWHILE_BRACE_FORCE" value="1" />
    <option name="WHILE_BRACE_FORCE" value="1" />
    <option name="FOR_BRACE_FORCE" value="1" />
    <option name="WRAP_LONG_LINES" value="true" />
  </codeStyleSettings>
  <codeStyleSettings language="JavaScript">
    <option name="KEEP_CONTROL_STATEMENT_IN_ONE_LINE" value="false" />
    <option name="KEEP_BLANK_LINES_IN_CODE" value="1" />
    <option name="BLANK_LINES_AROUND_FIELD" value="1" />
    <option name="BLANK_LINES_AFTER_CLASS_HEADER" value="1" />
    <option name="ALIGN_MULTILINE_PARAMETERS" value="false" />
    <option name="ALIGN_MULTILINE_FOR" value="false" />
    <option name="CALL_PARAMETERS_WRAP" value="1" />
    <option name="METHOD_PARAMETERS_WRAP" value="1" />
    <option name="EXTENDS_LIST_WRAP" value="1" />
    <option name="THROWS_LIST_WRAP" value="1" />
    <option name="EXTENDS_KEYWORD_WRAP" value="1" />
    <option name="THROWS_KEYWORD_WRAP" value="1" />
    <option name="METHOD_CALL_CHAIN_WRAP" value="1" />
    <option name="BINARY_OPERATION_WRAP" value="1" />
    <option name="BINARY_OPERATION_SIGN_ON_NEXT_LINE" value="true" />
    <option name="TERNARY_OPERATION_WRAP" value="1" />
    <option name="TERNARY_OPERATION_SIGNS_ON_NEXT_LINE" value="true" />
    <option name="FOR_STATEMENT_WRAP" value="1" />
    <option name="ARRAY_INITIALIZER_WRAP" value="1" />
    <option name="ASSIGNMENT_WRAP" value="1" />
    <option name="PLACE_ASSIGNMENT_SIGN_ON_NEXT_LINE" value="true" />
    <option name="WRAP_COMMENTS" value="true" />
    <option name="IF_BRACE_FORCE" value="3" />
    <option name="DOWHILE_BRACE_FORCE" value="3" />
    <option name="WHILE_BRACE_FORCE" value="3" />
    <option name="FOR_BRACE_FORCE" value="3" />
    <option name="PARENT_SETTINGS_INSTALLED" value="true" />
  </codeStyleSettings>
  <codeStyleSettings language="XML">
    <indentOptions>
      <option name="CONTINUATION_INDENT_SIZE" value="4" />
    </indentOptions>
    <arrangement>
      <rules>
        <section>
          <rule>
            <match>
              <AND>
                <NAME>xmlns:android</NAME>
                <XML_NAMESPACE>^$</XML_NAMESPACE>
              </AND>
            </match>
          </rule>
        </section>
        <section>
          <rule>
            <match>
              <AND>
                <NAME>xmlns:.*</NAME>
                <XML_NAMESPACE>^$</XML_NAMESPACE>
              </AND>
            </match>
            <order>BY_NAME</order>
          </rule>
        </section>
        <section>
          <rule>
            <match>
              <AND>
                <NAME>.*:id</NAME>
                <XML_NAMESPACE>http://schemas.android.com/apk/res/android</XML_NAMESPACE>
              </AND>
            </match>
          </rule>
        </section>
        <section>
          <rule>
            <match>
              <AND>
                <NAME>.*:name</NAME>
                <XML_NAMESPACE>http://schemas.android.com/apk/res/android</XML_NAMESPACE>
              </AND>
            </match>
          </rule>
        </section>
        <section>
          <rule>
            <match>
              <AND>
                <NAME>name</NAME>
                <XML_NAMESPACE>^$</XML_NAMESPACE>
              </AND>
            </match>
          </rule>
        </section>
        <section>
          <rule>
            <match>
              <AND>
                <NAME>style</NAME>
                <XML_NAMESPACE>^$</XML_NAMESPACE>
              </AND>
            </match>
          </rule>
        </section>
        <section>
          <rule>
            <match>
              <AND>
                <NAME>.*</NAME>
                <XML_NAMESPACE>^$</XML_NAMESPACE>
              </AND>
            </match>
            <order>BY_NAME</order>
          </rule>
        </section>
        <section>
          <rule>
            <match>
              <AND>
                <NAME>.*:layout_width</NAME>
                <XML_NAMESPACE>http://schemas.android.com/apk/res/android</XML_NAMESPACE>
              </AND>
            </match>
          </rule>
        </section>
        <section>
          <rule>
            <match>
              <AND>
                <NAME>.*:layout_height</NAME>
                <XML_NAMESPACE>http://schemas.android.com/apk/res/android</XML_NAMESPACE>
              </AND>
            </match>
          </rule>
        </section>
        <section>
          <rule>
            <match>
              <AND>
                <NAME>.*:layout_.*</NAME>
                <XML_NAMESPACE>http://schemas.android.com/apk/res/android</XML_NAMESPACE>
              </AND>
            </match>
            <order>BY_NAME</order>
          </rule>
        </section>
        <section>
          <rule>
            <match>
              <AND>
                <NAME>.*:width</NAME>
                <XML_NAMESPACE>http://schemas.android.com/apk/res/android</XML_NAMESPACE>
              </AND>
            </match>
            <order>BY_NAME</order>
          </rule>
        </section>
        <section>
          <rule>
            <match>
              <AND>
                <NAME>.*:height</NAME>
                <XML_NAMESPACE>http://schemas.android.com/apk/res/android</XML_NAMESPACE>
              </AND>
            </match>
            <order>BY_NAME</order>
          </rule>
        </section>
        <section>
          <rule>
            <match>
              <AND>
                <NAME>.*</NAME>
                <XML_NAMESPACE>http://schemas.android.com/apk/res/android</XML_NAMESPACE>
              </AND>
            </match>
            <order>BY_NAME</order>
          </rule>
        </section>
        <section>
          <rule>
            <match>
              <AND>
                <NAME>.*</NAME>
                <XML_NAMESPACE>.*</XML_NAMESPACE>
              </AND>
            </match>
            <order>BY_NAME</order>
          </rule>
        </section>
      </rules>
    </arrangement>
  </codeStyleSettings>
</code_scheme>